filename,label
crows\03c7cea31f.jpg,crows
crows\06a9c44c55.jpg,crows
crows\06G1CJJML5QT.jpg,crows
crows\08a181b048.jpg,crows
crows\08d39d0f4d.jpg,crows
crows\09cf92f743.jpg,crows
crows\0c1a3fdd20.jpg,crows
crows\0cfbaa338f.jpg,crows
crows\0LIFS3GQ4Z54.jpg,crows
crows\0NOF8IO4IGOW.jpg,crows
crows\0PZMLWULUJES.jpg,crows
crows\0WVOA8LBF69G.jpg,crows
crows\16H2OCX2YRF1.jpg,crows
crows\197c1012ba.jpg,crows
crows\1B01Q4OLGBC3.jpg,crows
crows\1bded6ea70.jpg,crows
crows\1d15117ae2.jpg,crows
crows\1d586ca67a.jpg,crows
crows\1ecc081899.jpg,crows
crows\1QU1OGPOS8UP.jpg,crows
crows\1TSUFL2ISEUL.jpg,crows
crows\1Z75WH9D74I4.jpg,crows
crows\259fec3fd7.jpg,crows
crows\2c784b864a.jpg,crows
crows\2caed0387c.jpg,crows
crows\2IUVUGK8X1TW.jpg,crows
crows\2KEOC8C0OTWC.jpg,crows
crows\2SZ60GI2ZJU2.jpg,crows
crows\2XHZR46ZHFZH.jpg,crows
crows\368b89d59d.jpg,crows
crows\376fae5ad1.jpg,crows
crows\378fc98f4f.jpg,crows
crows\3a29010611.jpg,crows
crows\3B47MIRUNAJX.jpg,crows
crows\3bc2b28fdd.jpg,crows
crows\3d828ee706.jpg,crows
crows\3E44UAIXK507.jpg,crows
crows\3e8d462116.jpg,crows
crows\3FAWQP2ORIC9.jpg,crows
crows\484d3397a2.jpg,crows
crows\495ee7079c.jpg,crows
crows\4A8UCP0DBZBE.jpg,crows
crows\4CPMAUFOT8YH.jpg,crows
crows\4dc054d71e.jpg,crows
crows\4dcac6039e.jpg,crows
crows\4df1dc7310.jpg,crows
crows\50XI8KMTVAC3.jpg,crows
crows\511e0951f8.jpg,crows
crows\54F8WG1X9RRO.jpg,crows
crows\5bb0d903fc.jpg,crows
crows\5bbfea04ef.jpg,crows
crows\5bd195cf29.jpg,crows
crows\5e97037a44.jpg,crows
crows\5feb2100f9.jpg,crows
crows\5I8Y6HNYX9PO.jpg,crows
crows\607e6e0a8e.jpg,crows
crows\61ae3e6346.jpg,crows
crows\64QRR4B9EBU7.jpg,crows
crows\666df1dde7.jpg,crows
crows\685d6f3c1d.jpg,crows
crows\6AU1S60SOUW6.jpg,crows
crows\6d60806c01.jpg,crows
crows\6d713ab135.jpg,crows
crows\6dab0b74ff.jpg,crows
crows\6EMLY3326YAB.jpg,crows
crows\6JFIHLEGLBTY.jpg,crows
crows\6JT8H1PONJ7P.jpg,crows
crows\6MQL3A36XACX.jpg,crows
crows\6S1P1DS1IWZN.jpg,crows
crows\71aad6f53b.jpg,crows
crows\720bed337f.jpg,crows
crows\75DIYO06D4OC.jpg,crows
crows\77fefab966.jpg,crows
crows\79ecd16df8.jpg,crows
crows\7a171dca50.jpg,crows
crows\7AYPSS99CO12.jpg,crows
crows\7f995e322c.jpg,crows
crows\7faf24f23c.jpg,crows
crows\7fc98f7b2a.jpg,crows
crows\7HAXG08DEPNN.jpg,crows
crows\7IQJ7KX38ENI.jpg,crows
crows\7RUEBGYP6UPO.jpg,crows
crows\7S4WOGBZ72RC.jpg,crows
crows\81def64446.jpg,crows
crows\83ac6b6c8d.jpg,crows
crows\83b28a30aa.jpg,crows
crows\85e5dcd314.jpg,crows
crows\8a6716039b.jpg,crows
crows\8AQSXL85UI0V.jpg,crows
crows\8b94b5d529.jpg,crows
crows\93FKTKYFIME8.jpg,crows
crows\94be0c5a37.jpg,crows
crows\96a3d9dbd7.jpg,crows
crows\97d6ef43cd.jpg,crows
crows\98aa731ab3.jpg,crows
crows\9d1cf4c0cf.jpg,crows
crows\9d61244f2a.jpg,crows
crows\9V4GGCOL1DOU.jpg,crows
crows\A53D4XF6OQ4A.jpg,crows
crows\A5FOT2EUTV10.jpg,crows
crows\A7D8L9O1YOQQ.jpg,crows
crows\A9D7U8GKNAUT.jpg,crows
crows\ANORLFOX4NNG.jpg,crows
crows\AQQBEOY98R2X.jpg,crows
crows\AUKEVN5OH02V.jpg,crows
crows\B5UUPMOP7V8H.jpg,crows
crows\BFKX5NN2E720.jpg,crows
crows\BJPNGXI2C2EG.jpg,crows
crows\BSD13H7U4I3Y.jpg,crows
crows\BYTWWJ9SAFJL.jpg,crows
crows\CBBNXZTKO5O3.jpg,crows
crows\CPABZLFCUKLB.jpg,crows
crows\CVYRXAOWOQUJ.jpg,crows
crows\D0PYD4YOK3HN.jpg,crows
crows\D2IC2HJOPR8E.jpg,crows
crows\DJPTVIWASNOX.jpg,crows
crows\DOKJ8ZVR8C5S.jpg,crows
crows\DU5YFU5IN8V3.jpg,crows
crows\EBUVL9JAKFHI.jpg,crows
crows\EK110NFAWDK6.jpg,crows
crows\EL3QH9UE01PK.jpg,crows
crows\EQN4R0CJTDWR.jpg,crows
crows\F1L0IX5UFFFL.jpg,crows
crows\F7BNSX8ZW05M.jpg,crows
crows\FB4RGKMHCKDE.jpg,crows
crows\FBYUUV9W7PT4.jpg,crows
crows\FFJWAO0IZEL6.jpg,crows
crows\FJ1PCD8D17N8.jpg,crows
crows\FJAZG2H0LVV7.jpg,crows
crows\FS4OITRZS3XU.jpg,crows
crows\FSK9C6S2090P.jpg,crows
crows\FSOH5BIYRPNN.jpg,crows
crows\FW6E98FYHBQE.jpg,crows
crows\FWUYW6FGIFQA.jpg,crows
crows\G5MVHVWBXBCZ.jpg,crows
crows\G9TUEAFG13XJ.jpg,crows
crows\GEMQUHU7541Y.jpg,crows
crows\GFBCWYU3SS9F.jpg,crows
crows\GNIK0RNUJGMA.jpg,crows
crows\GU7A5RH6A8Q9.jpg,crows
crows\H0U4WSMWL09A.jpg,crows
crows\H7W1FV18WAP0.jpg,crows
crows\HBADZUM4FL7X.jpg,crows
crows\HQRK29D39IGM.jpg,crows
crows\HQY47LS6QS0I.jpg,crows
crows\I3WGJN3DU64J.jpg,crows
crows\IHUHQYGIQHXM.jpg,crows
crows\IIQEZJ7SKE6X.jpg,crows
crows\IKUJ1L7I3C1U.jpg,crows
crows\ITG9ZSC041C4.jpg,crows
crows\IY8Z6HLOIBZ0.jpg,crows
crows\J0GIVW88MMHF.jpg,crows
crows\J6NRF5RRB12O.jpg,crows
crows\JF0I6ZTBRGNY.jpg,crows
crows\JTTQLY2WAUQD.jpg,crows
crows\JX3ZK359JPDG.jpg,crows
crows\K3FGZTAX6ILK.jpg,crows
crows\KNOLZLSSZXNH.jpg,crows
crows\KQP5OCLEBLAR.jpg,crows
crows\KZDSRIAB8IV1.jpg,crows
crows\L03UGBJ1X94M.jpg,crows
crows\L054MMJQP98B.jpg,crows
crows\L0VKWR51VR1H.jpg,crows
crows\L5M1A5U5F309.jpg,crows
crows\L7AD1EBPBXNK.jpg,crows
crows\L8GTZOIR6OXC.jpg,crows
crows\LAWRORWHCPPY.jpg,crows
crows\M5RQNOVOCMOQ.jpg,crows
crows\MB66L889ROUK.jpg,crows
crows\MFJT90P4O62V.jpg,crows
crows\N25U9GHSYZ92.jpg,crows
crows\N3EOGY4AAO4V.jpg,crows
crows\N6U3PG88FSPB.jpg,crows
crows\N8QUYLCS7IBP.jpg,crows
crows\NDQ6VJSM6PWT.jpg,crows
crows\NKO87PXI1GEM.jpg,crows
crows\NN9FJBW1PR7S.jpg,crows
crows\NVWZFDEWB8LU.jpg,crows
crows\O6SH9VY79X4Z.jpg,crows
crows\OE4027OHQ7YE.jpg,crows
crows\OJ1PQNN5CEVZ.jpg,crows
crows\OLKLMQM1JA1X.jpg,crows
crows\P6KMBLSYOW3Y.jpg,crows
crows\P9DKNVSX8YGJ.jpg,crows
crows\PLEHGNPM0P1E.jpg,crows
crows\PMZ9GFC71YTJ.jpg,crows
crows\PSQFSYDO9925.jpg,crows
crows\PUVM2MZYF1M1.jpg,crows
crows\PZKYLHAQ2AVX.jpg,crows
crows\Q4S2LUL4ZI2C.jpg,crows
crows\Q614BU0CJLN3.jpg,crows
crows\QOC3C5WBNPUL.jpg,crows
crows\QSDO4XE5LRXF.jpg,crows
crows\QT2KUZAKVMXE.jpg,crows
crows\QYZZMEV8BGUA.jpg,crows
crows\R9DR13HIXLXF.jpg,crows
crows\RBNIFONFEPGW.jpg,crows
crows\RDSPNB424GQY.jpg,crows
crows\RRBJEC0P2TDB.jpg,crows
crows\RSMSO9GSD6HY.jpg,crows
crows\RTYX372F32H3.jpg,crows
crows\RU7APA2TDZE2.jpg,crows
crows\S8018KZI5AYN.jpg,crows
crows\T9WTAI6I8YCG.jpg,crows
crows\TJDS04VESHCI.jpg,crows
crows\TNK8N3YUNE52.jpg,crows
crows\TSJ94I2JFABI.jpg,crows
crows\TU2CHM5DWWS1.jpg,crows
crows\U45QJYDTCUZ3.jpg,crows
crows\U9F0XLA1467L.jpg,crows
crows\UE7YBBV9WC4M.jpg,crows
crows\UP1WXWIF3AQD.jpg,crows
crows\UQDJVV7NC7RL.jpg,crows
crows\UQODV397FUN0.jpg,crows
crows\UU42SB2M3BFV.jpg,crows
crows\VCFXCPTO0GTX.jpg,crows
crows\VFTBZ8F4HSPX.jpg,crows
crows\VRVNPBQGFEPD.jpg,crows
crows\VZN5I8QLSC0F.jpg,crows
crows\W3EZVCXL78H8.jpg,crows
crows\W6KE4LOVBTK9.jpg,crows
crows\WNZKA2GKNDS0.jpg,crows
crows\WT3GPRTJE25V.jpg,crows
crows\WXZZN3L6I4SK.jpg,crows
crows\WZ50IW8W7UWC.jpg,crows
crows\X542VFX9PVCV.jpg,crows
crows\XAT4PCURRF5V.jpg,crows
crows\XDK22U0KN6M8.jpg,crows
crows\XTPECKA77GHU.jpg,crows
crows\XX5H27RA0O1F.jpg,crows
crows\YC92IAB7U20M.jpg,crows
crows\YDPJFGMOPXU8.jpg,crows
crows\YJAPCLN7FKSE.jpg,crows
crows\YRY5IUUGGC5B.jpg,crows
crows\Z2C6BYQ34TLP.jpg,crows
crows\Z68Q94L8IWIY.jpg,crows
crows\Z6MBEDUE7BAE.jpg,crows
crows\ZIGDHKX338F3.jpg,crows
crows\ZLKJK01I7IZR.jpg,crows
crows\ZNI67VAURL8Q.jpg,crows
crows\ZTIO5LX6A1A2.jpg,crows
crows\ZVAE78U924OD.jpg,crows
crows\ZY3ZJ4X4E2MF.jpg,crows
magpies\TWXZ1YKHNNBN.jpg,magpies
magpies\TXRI72X3812B.jpg,magpies
magpies\TYTV30B160MW.jpg,magpies
magpies\U083TNA99ZOV.jpg,magpies
magpies\U0ZQHPWW15XB.jpg,magpies
magpies\U1Z7328VS4HN.jpg,magpies
magpies\U2CKBW6QEVSF.jpg,magpies
magpies\U2IGYUB3QK7X.jpg,magpies
magpies\U36VST7YWPQD.jpg,magpies
magpies\U3CK3NFGXZE8.jpg,magpies
magpies\U3F248QO1O5C.jpg,magpies
magpies\U5GO6EUW7TS7.jpg,magpies
magpies\U5SBVIKTO0H7.jpg,magpies
magpies\U6LUAS363YZE.jpg,magpies
magpies\U8JJE0HRQJ2H.jpg,magpies
magpies\U8XWAYY6JDJV.jpg,magpies
magpies\UA389M81T38W.jpg,magpies
magpies\UCEZI0QYJK4W.jpg,magpies
magpies\UD0GF9MPAESB.jpg,magpies
magpies\UF87VZYGAF1K.jpg,magpies
magpies\UFMJLQX2JXSX.jpg,magpies
magpies\UH7I0BFLH0NC.jpg,magpies
magpies\UHQGBX72ICPL.jpg,magpies
magpies\UJF73XEPY4LC.jpg,magpies
magpies\UJOU7PQE2Q9B.jpg,magpies
magpies\UK416SSBG4GY.jpg,magpies
magpies\UKNCJTSCL3MT.jpg,magpies
magpies\UKUIRLRT8OA0.jpg,magpies
magpies\UL27L2ACHUH7.jpg,magpies
magpies\UL6VL7T1G8AB.jpg,magpies
magpies\ULZKPYVD8NMD.jpg,magpies
magpies\UN04L0WTJ3U4.jpg,magpies
magpies\UNF5ZX0DTDTU.jpg,magpies
magpies\UOBOIKTRGYXO.jpg,magpies
magpies\UP0T54GFTEVZ.jpg,magpies
magpies\UQ1ZKME109K6.jpg,magpies
magpies\UQOAVRA7BX9F.jpg,magpies
magpies\URNDWG3YZAJM.jpg,magpies
magpies\US0H1D0D05EF.jpg,magpies
magpies\USGDYJH9B11E.jpg,magpies
magpies\UT7CCMLRXGGO.jpg,magpies
magpies\UTHTVUW013OS.jpg,magpies
magpies\UTIOURJBXOEN.jpg,magpies
magpies\UTIZVMD6QBEQ.jpg,magpies
magpies\UU2839TD8RKU.jpg,magpies
magpies\UW7U3MKU4THF.jpg,magpies
magpies\UWTFRXL1N9JK.jpg,magpies
magpies\UX3OOYPLQLK7.jpg,magpies
magpies\UZ7DXHZBXN3I.jpg,magpies
magpies\V024EX8Q7EPR.jpg,magpies
magpies\V0CCTGYTLFXO.jpg,magpies
magpies\V109O6IZA2EC.jpg,magpies
magpies\V36CS0K2RZ5O.jpg,magpies
magpies\V4DWDV0X3YSS.jpg,magpies
magpies\V59QLQLCEM37.jpg,magpies
magpies\V9G2ORYEDE8E.jpg,magpies
magpies\VB9W64W2QJZE.jpg,magpies
magpies\VCCTHRS21U1P.jpg,magpies
magpies\VFAWD9ZV3W88.jpg,magpies
magpies\VG53N3X6L7SD.jpg,magpies
magpies\VH0I20WCYEH5.jpg,magpies
magpies\VH1D0C9KGTNL.jpg,magpies
magpies\VHQ37BY1BOVU.jpg,magpies
magpies\VIATMIDSR4N8.jpg,magpies
magpies\VK56DQIO6DQN.jpg,magpies
magpies\VKPCGYF7HGBC.jpg,magpies
magpies\VNWDHU82K3KZ.jpg,magpies
magpies\VNWQ0F6L37VM.jpg,magpies
magpies\VO7XTST1TT84.jpg,magpies
magpies\VPE40BVAHXX1.jpg,magpies
magpies\VPVPI4YPGZ86.jpg,magpies
magpies\VQF5F3QTC7V3.jpg,magpies
magpies\VQY8AFNNXJVN.jpg,magpies
magpies\VRFGR736R41W.jpg,magpies
magpies\VRW5FHS1BIJS.jpg,magpies
magpies\VSM19OBFXPJB.jpg,magpies
magpies\VTE4RLU5N57O.jpg,magpies
magpies\VTLXQIK4MR3F.jpg,magpies
magpies\VV4JDOZG1S5U.jpg,magpies
magpies\VVRTNWQ2LVOY.jpg,magpies
magpies\VW0A97FQBM23.jpg,magpies
magpies\VW2ZJ681FUHT.jpg,magpies
magpies\VWERHNSL23XE.jpg,magpies
magpies\VWQK0NUJ5GDA.jpg,magpies
magpies\VXC0A8GU5QD4.jpg,magpies
magpies\VYJXUI1UB78E.jpg,magpies
magpies\VYSO3D024V0C.jpg,magpies
magpies\VZ6OA93T0CFG.jpg,magpies
magpies\VZ7V2FORN28B.jpg,magpies
magpies\W0D5TFEAHHQH.jpg,magpies
magpies\W0JU13Q7N81G.jpg,magpies
magpies\W1A238OTTMYM.jpg,magpies
magpies\W1FLM1TYGRZ6.jpg,magpies
magpies\W22SVKPYOXRC.jpg,magpies
magpies\W3D8V9JTX4ZZ.jpg,magpies
magpies\W45WGSHFGLEI.jpg,magpies
magpies\W47VOAWBRXX1.jpg,magpies
magpies\W4CT8D0E9R4I.jpg,magpies
magpies\W5KAJMW3HMBF.jpg,magpies
magpies\W5THJOX7PWL6.jpg,magpies
magpies\W5ZOO86V4PFJ.jpg,magpies
magpies\W6A1KYYMMT4V.jpg,magpies
magpies\W7I99MTGO2EE.jpg,magpies
magpies\W9WVX9RG9GVK.jpg,magpies
magpies\WA2Z2QJ4KYVP.jpg,magpies
magpies\WBL7WG0E2U0V.jpg,magpies
magpies\WC4XK5X7TY9F.jpg,magpies
magpies\WDS6UMK5Q7EH.jpg,magpies
magpies\WDZVM00EFLG2.jpg,magpies
magpies\WE335744OYVA.jpg,magpies
magpies\WFF92WPHL063.jpg,magpies
magpies\WFPVF0ZX6V3K.jpg,magpies
magpies\WJ767L6FP5NC.jpg,magpies
magpies\WJHI5Y1R9K5K.jpg,magpies
magpies\WJSFLXLVFJGA.jpg,magpies
magpies\WK8JGIF6PC2G.jpg,magpies
magpies\WKGKSOPTQGRL.jpg,magpies
magpies\WKPQTV3RZIU9.jpg,magpies
magpies\WL17CZQGKHK7.jpg,magpies
magpies\WMM1W4LC7QMK.jpg,magpies
magpies\WOEYY0H1BSAX.jpg,magpies
magpies\WPCN65IISIT9.jpg,magpies
magpies\WQ1F2CJ0JPXG.jpg,magpies
magpies\WR7DH9KJ1FMQ.jpg,magpies
magpies\WR9XGQR9M4TJ.jpg,magpies
magpies\WRF0070SRFFS.jpg,magpies
magpies\WRLQAWFZ0N8F.jpg,magpies
magpies\WRMTULZHWAU1.jpg,magpies
magpies\WRWNHT4VRRCM.jpg,magpies
magpies\WU217U8G7GJS.jpg,magpies
magpies\WUDZM4OU3YPE.jpg,magpies
magpies\WUKZIOGXXLLS.jpg,magpies
magpies\WV43LUT7H4EP.jpg,magpies
magpies\WVSJORC9J8LQ.jpg,magpies
magpies\WW1H6NSREXHE.jpg,magpies
magpies\WX4I0VNNPACX.jpg,magpies
magpies\WXO57Y6G0G92.jpg,magpies
magpies\X0DB0QWNHJUQ.jpg,magpies
magpies\X0QWEUNCOPV0.jpg,magpies
magpies\X0VKN4OHCSCD.jpg,magpies
magpies\X20XOQI1TY6N.jpg,magpies
magpies\X3352WSCP4TQ.jpg,magpies
magpies\X38HK0CHUPIS.jpg,magpies
magpies\X4VSWA8CV641.jpg,magpies
magpies\X4XISH796KA6.jpg,magpies
magpies\X5L5BRNK9JNL.jpg,magpies
magpies\X7FSASTVLEGU.jpg,magpies
magpies\X83GTNK85V7F.jpg,magpies
magpies\XATAUOOMXXNL.jpg,magpies
magpies\XD5SVM9HNDRW.jpg,magpies
magpies\XEN1E7XHWINL.jpg,magpies
magpies\XFKQLIRPP0FF.jpg,magpies
magpies\XHNVA6RK4DDA.jpg,magpies
magpies\XI41JAVQFPFS.jpg,magpies
magpies\XJTK8SJTTSM1.jpg,magpies
magpies\XLAKK1D0TSDL.jpg,magpies
magpies\XLC3VV51PN0C.jpg,magpies
magpies\XMAW6EAT4O9I.jpg,magpies
magpies\XNODK4H3ZNEB.jpg,magpies
magpies\XOEHVN6IZZGF.jpg,magpies
magpies\XP772W883V81.jpg,magpies
magpies\XP9J8G8HHPFO.jpg,magpies
magpies\XPJT2MZC17SU.jpg,magpies
magpies\XT99ZHYAGBNP.jpg,magpies
magpies\XUW36RMLFG1L.jpg,magpies
magpies\XVTPDYPWMD0O.jpg,magpies
magpies\XWAZFLQ63TLF.jpg,magpies
magpies\XX0S2R2H3BLE.jpg,magpies
magpies\XZRPMD7QU03Q.jpg,magpies
magpies\XZSYLD1NP29W.jpg,magpies
magpies\Y0TS3N3V6CP2.jpg,magpies
magpies\Y1B1UXN1NQMY.jpg,magpies
magpies\Y1SW0L0AXSVQ.jpg,magpies
magpies\Y2USHSMDG3UJ.jpg,magpies
magpies\Y436KFQPLBNO.jpg,magpies
magpies\Y4AO7PS9FLB0.jpg,magpies
magpies\Y4JNQII2Y8QJ.jpg,magpies
magpies\Y4XL8E657NTC.jpg,magpies
magpies\Y58MNU52OORV.jpg,magpies
magpies\Y5YXS6IJLL3X.jpg,magpies
magpies\Y6AWA7MY38U5.jpg,magpies
magpies\Y6XMSB0XSSQQ.jpg,magpies
magpies\Y6YUAEQDXC81.jpg,magpies
magpies\Y7M0YS2XD4T1.jpg,magpies
magpies\Y9WIPSULDBZS.jpg,magpies
magpies\YA4EAIIGN3WY.jpg,magpies
magpies\YASZ3SL4R9DK.jpg,magpies
magpies\YBWMKS7XLRTG.jpg,magpies
magpies\YC38I47K9X9H.jpg,magpies
magpies\YCVOTQBMAEZR.jpg,magpies
magpies\YEC23DF39YH0.jpg,magpies
magpies\YFD8HEJ79KRO.jpg,magpies
magpies\YFH9LKO1NIZ3.jpg,magpies
magpies\YGY5TVUC2FDG.jpg,magpies
magpies\YIF3NXNY6VJW.jpg,magpies
magpies\YIFX22QFH66A.jpg,magpies
magpies\YJUXLE4WSPLH.jpg,magpies
magpies\YK6ECS8SM26B.jpg,magpies
magpies\YKGQG8LMAGPG.jpg,magpies
magpies\YM8WIE2W77OA.jpg,magpies
magpies\YMME3EVODETW.jpg,magpies
magpies\YPH53BU8HFEG.jpg,magpies
magpies\YPLOB60WUFFF.jpg,magpies
magpies\YSPN55TR4A3A.jpg,magpies
magpies\YUWDK6HM636Z.jpg,magpies
magpies\YVRUUWOCB36F.jpg,magpies
magpies\YWDNYNLTOJ3T.jpg,magpies
magpies\YWTNXKRCCW4U.jpg,magpies
magpies\YWXW0YM6NR53.jpg,magpies
magpies\YYP9VH1U76QY.jpg,magpies
magpies\YZDUMHP5SDRH.jpg,magpies
magpies\YZQT7QXH4D2R.jpg,magpies
magpies\Z1XBU0XUVZFB.jpg,magpies
magpies\Z2NBDCEIWP6P.jpg,magpies
magpies\Z2ZPYK2581GR.jpg,magpies
magpies\Z3J36OSLHASP.jpg,magpies
magpies\Z6TNLMWDY48F.jpg,magpies
magpies\Z7X6DU7WFHLY.jpg,magpies
magpies\Z97OVW5AFMO9.jpg,magpies
magpies\Z9W7IQKFL5RP.jpg,magpies
magpies\ZALLU9SJPO68.jpg,magpies
magpies\ZASGDVF1HYCY.jpg,magpies
magpies\ZBIXKIINK4R5.jpg,magpies
magpies\ZBLMSQSEDWP7.jpg,magpies
magpies\ZBP7CCY1MYTH.jpg,magpies
magpies\ZCIMGLGQQFA8.jpg,magpies
magpies\ZDFJM0BZED6W.jpg,magpies
magpies\ZF2C6PE8INR6.jpg,magpies
magpies\ZH09CT0HMXOZ.jpg,magpies
magpies\ZI9NI3NBPFDM.jpg,magpies
magpies\ZKJSN5ZXHF75.jpg,magpies
magpies\ZKPG9OQDZHNZ.jpg,magpies
magpies\ZNA3BNXP818Q.jpg,magpies
magpies\ZNL5W3X11V87.jpg,magpies
magpies\ZNYPUGX4W2HJ.jpg,magpies
magpies\ZO5LVDX0OP2F.jpg,magpies
magpies\ZOTSTQ2YXY91.jpg,magpies
magpies\ZQIM3L2QB77Z.jpg,magpies
magpies\ZR40ZDCZZO63.jpg,magpies
magpies\ZRATL0CC1ZJ0.jpg,magpies
magpies\ZRVMU0PWNP5E.jpg,magpies
magpies\ZSCUGR3H4PPP.jpg,magpies
magpies\ZSDYGCAHJEIK.jpg,magpies
magpies\ZSNN0LSUSZIY.jpg,magpies
magpies\ZSWV86UN6WOC.jpg,magpies
magpies\ZTIL3BSTB7S8.jpg,magpies
magpies\ZTLZN8INGMLF.jpg,magpies
magpies\ZWTIKNDZ3YOY.jpg,magpies
magpies\ZX4KEVCHKBM3.jpg,magpies
magpies\ZX9VCYL1S3WH.jpg,magpies
